﻿<?xml version="1.0" encoding="UTF-8"?>
<root>
  <item name="BattleConfig" md5="9d2071bc764fb66a2208c10b76d6df4a" />
  <item name="BattleFieldOverviewModeExtra" md5="df43d535c8a365c412d61f10538a0dfc" />
  <item name="Document" md5="9db674c0afad2c80b0aacff7c416cceb" />
  <item name="EquipModeExtra" md5="97553a2cbc7498f0e139558b2e60f315" />
  <item name="GuideModeExtra" md5="77b4c95722a8f3d6e3c14f10b27813f6" />
  <item name="LoadRes_Preload" md5="73309dde7f7dd95e511ec30fda9a93a6" />
  <item name="SingleSurvivalModeExtra" md5="af3da4cd668aec4c49523b36809e0de6" />
  <version name="710.2" />
</root>